<?xml version="1.0" encoding="UTF-8"?>
<office:document-meta xmlns:office="http://openoffice.org/2000/office" xmlns:xlink="http://www.w3.org/1999/xlink" xmlns:dc="http://purl.org/dc/elements/1.1/" xmlns:meta="http://openoffice.org/2000/meta" xmlns:presentation="http://openoffice.org/2000/presentation" xmlns:ooo="http://openoffice.org/2004/office" xmlns:smil="urn:oasis:names:tc:opendocument:xmlns:smil-compatible:1.0" xmlns:anim="urn:oasis:names:tc:opendocument:xmlns:animation:1.0" xmlns:grddl="http://www.w3.org/2003/g/data-view#" xmlns:officeooo="http://openoffice.org/2009/office" xmlns:drawooo="http://openoffice.org/2010/draw" office:version="1.2"><office:meta><meta:generator>OpenOffice/4.1.5$Win32 OpenOffice.org_project/415m1$Build-9789</meta:generator><meta:initial-creator>Takako </meta:initial-creator><meta:creation-date>2018-04-18T16:51:37.63</meta:creation-date><dc:creator>Takako </dc:creator><dc:date>2018-04-18T17:26:01.43</dc:date><meta:editing-cycles>2</meta:editing-cycles><meta:editing-duration>PT19M3S</meta:editing-duration><meta:document-statistic meta:object-count="14"/></office:meta></office:document-meta>