<?xml version="1.0" encoding="UTF-8"?>
<office:document-content xmlns:office="urn:oasis:names:tc:opendocument:xmlns:office:1.0" xmlns:style="urn:oasis:names:tc:opendocument:xmlns:style:1.0" xmlns:text="urn:oasis:names:tc:opendocument:xmlns:text:1.0" xmlns:table="urn:oasis:names:tc:opendocument:xmlns:table:1.0" xmlns:draw="urn:oasis:names:tc:opendocument:xmlns:drawing:1.0" xmlns:fo="urn:oasis:names:tc:opendocument:xmlns:xsl-fo-compatible:1.0" xmlns:xlink="http://www.w3.org/1999/xlink" xmlns:dc="http://purl.org/dc/elements/1.1/" xmlns:meta="urn:oasis:names:tc:opendocument:xmlns:meta:1.0" xmlns:number="urn:oasis:names:tc:opendocument:xmlns:datastyle:1.0" xmlns:presentation="urn:oasis:names:tc:opendocument:xmlns:presentation:1.0" xmlns:svg="urn:oasis:names:tc:opendocument:xmlns:svg-compatible:1.0" xmlns:chart="urn:oasis:names:tc:opendocument:xmlns:chart:1.0" xmlns:dr3d="urn:oasis:names:tc:opendocument:xmlns:dr3d:1.0" xmlns:math="http://www.w3.org/1998/Math/MathML" xmlns:form="urn:oasis:names:tc:opendocument:xmlns:form:1.0" xmlns:script="urn:oasis:names:tc:opendocument:xmlns:script:1.0" xmlns:ooo="http://openoffice.org/2004/office" xmlns:ooow="http://openoffice.org/2004/writer" xmlns:oooc="http://openoffice.org/2004/calc" xmlns:dom="http://www.w3.org/2001/xml-events" xmlns:xforms="http://www.w3.org/2002/xforms" xmlns:xsd="http://www.w3.org/2001/XMLSchema" xmlns:xsi="http://www.w3.org/2001/XMLSchema-instance" xmlns:smil="urn:oasis:names:tc:opendocument:xmlns:smil-compatible:1.0" xmlns:anim="urn:oasis:names:tc:opendocument:xmlns:animation:1.0" xmlns:rpt="http://openoffice.org/2005/report" xmlns:of="urn:oasis:names:tc:opendocument:xmlns:of:1.2" xmlns:xhtml="http://www.w3.org/1999/xhtml" xmlns:grddl="http://www.w3.org/2003/g/data-view#" xmlns:officeooo="http://openoffice.org/2009/office" xmlns:tableooo="http://openoffice.org/2009/table" xmlns:drawooo="http://openoffice.org/2010/draw" xmlns:field="urn:openoffice:names:experimental:ooo-ms-interop:xmlns:field:1.0" office:version="1.2"><office:scripts/><office:automatic-styles><style:style style:name="dp1" style:family="drawing-page"/><style:style style:name="gr1" style:family="graphic" style:parent-style-name="standard"><style:graphic-properties draw:textarea-vertical-align="middle"/></style:style><style:style style:name="gr2" style:family="graphic" style:parent-style-name="objectwithoutfill"><style:graphic-properties draw:fill="none" draw:textarea-vertical-align="middle"/></style:style><style:style style:name="gr3" style:family="graphic" style:parent-style-name="standard"><style:graphic-properties draw:stroke="none" svg:stroke-color="#000000" draw:fill="none" draw:fill-color="#ffffff" fo:min-height="0.258cm"/></style:style><style:style style:name="gr4" style:family="graphic" style:parent-style-name="standard"><style:graphic-properties draw:stroke="none" svg:stroke-color="#000000" draw:fill="none" draw:fill-color="#ffffff" fo:min-height="0.512cm"/></style:style><style:style style:name="gr5" style:family="graphic" style:parent-style-name="standard"><style:graphic-properties draw:stroke="none" svg:stroke-color="#000000" draw:fill="none" draw:fill-color="#ffffff" fo:min-height="0.713cm"/></style:style><style:style style:name="P1" style:family="paragraph"><style:paragraph-properties fo:text-align="center"/></style:style><text:list-style style:name="L1"><text:list-level-style-bullet text:level="1" text:bullet-char="●"><style:list-level-properties text:min-label-width="0.6cm"/><style:text-properties fo:font-family="StarSymbol" style:use-window-font-color="true" fo:font-size="45%"/></text:list-level-style-bullet><text:list-level-style-bullet text:level="2" text:bullet-char="●"><style:list-level-properties text:space-before="0.6cm" text:min-label-width="0.6cm"/><style:text-properties fo:font-family="StarSymbol" style:use-window-font-color="true" fo:font-size="45%"/></text:list-level-style-bullet><text:list-level-style-bullet text:level="3" text:bullet-char="●"><style:list-level-properties text:space-before="1.2cm" text:min-label-width="0.6cm"/><style:text-properties fo:font-family="StarSymbol" style:use-window-font-color="true" fo:font-size="45%"/></text:list-level-style-bullet><text:list-level-style-bullet text:level="4" text:bullet-char="●"><style:list-level-properties text:space-before="1.8cm" text:min-label-width="0.6cm"/><style:text-properties fo:font-family="StarSymbol" style:use-window-font-color="true" fo:font-size="45%"/></text:list-level-style-bullet><text:list-level-style-bullet text:level="5" text:bullet-char="●"><style:list-level-properties text:space-before="2.4cm" text:min-label-width="0.6cm"/><style:text-properties fo:font-family="StarSymbol" style:use-window-font-color="true" fo:font-size="45%"/></text:list-level-style-bullet><text:list-level-style-bullet text:level="6" text:bullet-char="●"><style:list-level-properties text:space-before="3cm" text:min-label-width="0.6cm"/><style:text-properties fo:font-family="StarSymbol" style:use-window-font-color="true" fo:font-size="45%"/></text:list-level-style-bullet><text:list-level-style-bullet text:level="7" text:bullet-char="●"><style:list-level-properties text:space-before="3.6cm" text:min-label-width="0.6cm"/><style:text-properties fo:font-family="StarSymbol" style:use-window-font-color="true" fo:font-size="45%"/></text:list-level-style-bullet><text:list-level-style-bullet text:level="8" text:bullet-char="●"><style:list-level-properties text:space-before="4.2cm" text:min-label-width="0.6cm"/><style:text-properties fo:font-family="StarSymbol" style:use-window-font-color="true" fo:font-size="45%"/></text:list-level-style-bullet><text:list-level-style-bullet text:level="9" text:bullet-char="●"><style:list-level-properties text:space-before="4.8cm" text:min-label-width="0.6cm"/><style:text-properties fo:font-family="StarSymbol" style:use-window-font-color="true" fo:font-size="45%"/></text:list-level-style-bullet><text:list-level-style-bullet text:level="10" text:bullet-char="●"><style:list-level-properties text:space-before="5.4cm" text:min-label-width="0.6cm"/><style:text-properties fo:font-family="StarSymbol" style:use-window-font-color="true" fo:font-size="45%"/></text:list-level-style-bullet></text:list-style></office:automatic-styles><office:body><office:drawing><draw:page draw:name="page1" draw:style-name="dp1" draw:master-page-name="Default"><draw:rect draw:style-name="gr1" draw:text-style-name="P1" draw:layer="layout" svg:width="5.207cm" svg:height="3.175cm" svg:x="7.604cm" svg:y="1.381cm"><text:p text:style-name="P1">BioSample Data</text:p></draw:rect><draw:rect draw:style-name="gr1" draw:text-style-name="P1" draw:layer="layout" svg:width="5.207cm" svg:height="3.048cm" svg:x="7.858cm" svg:y="5.826cm"><text:p text:style-name="P1">Extract relevant </text:p><text:p text:style-name="P1">variables </text:p><text:p text:style-name="P1">with EDirect</text:p></draw:rect><draw:rect draw:style-name="gr1" draw:text-style-name="P1" draw:layer="layout" svg:width="5.207cm" svg:height="3.175cm" svg:x="7.731cm" svg:y="10.271cm"><text:p text:style-name="P1"/><text:p text:style-name="P1">CUI, </text:p><text:p text:style-name="P1">Preferred Term,</text:p><text:p text:style-name="P1"><text:s/>…</text:p><text:p text:style-name="P1"/></draw:rect><draw:line draw:style-name="gr2" draw:text-style-name="P1" draw:layer="layout" svg:x1="10.398cm" svg:y1="8.874cm" svg:x2="10.398cm" svg:y2="10.525cm"><text:p/></draw:line><draw:frame draw:style-name="gr3" draw:layer="layout" svg:width="8.382cm" svg:height="1.675cm" svg:x="10.652cm" svg:y="8.801cm"><draw:text-box><text:p>MetaMap Lite or</text:p><text:p><text:s/>MataMap (MM)</text:p></draw:text-box></draw:frame><draw:rect draw:style-name="gr1" draw:text-style-name="P1" draw:layer="layout" svg:width="5.207cm" svg:height="3.175cm" svg:x="7.985cm" svg:y="14.97cm"><text:p text:style-name="P1"/><text:p text:style-name="P1"/></draw:rect><draw:line draw:style-name="gr2" draw:text-style-name="P1" draw:layer="layout" svg:x1="10.398cm" svg:y1="13.573cm" svg:x2="10.398cm" svg:y2="14.843cm"><text:p/></draw:line><draw:frame draw:style-name="gr4" draw:layer="layout" svg:width="6.858cm" svg:height="0.963cm" svg:x="10.779cm" svg:y="13.753cm"><draw:text-box><text:p>Analysis</text:p></draw:text-box></draw:frame><draw:line draw:style-name="gr2" draw:text-style-name="P1" draw:layer="layout" svg:x1="10.398cm" svg:y1="4.556cm" svg:x2="10.398cm" svg:y2="5.826cm"><text:p/></draw:line><draw:frame draw:style-name="gr5" draw:layer="layout" svg:width="3.429cm" svg:height="0.963cm" svg:x="2.27cm" svg:y="9.181cm"><draw:text-box><text:p>Analysis</text:p></draw:text-box></draw:frame><draw:line draw:style-name="gr2" draw:text-style-name="P1" draw:layer="layout" svg:x1="7.858cm" svg:y1="7.223cm" svg:x2="3.794cm" svg:y2="9.128cm"><text:p/></draw:line><draw:rect draw:style-name="gr1" draw:text-style-name="P1" draw:layer="layout" svg:width="5.207cm" svg:height="3.175cm" svg:x="7.986cm" svg:y="14.971cm"><text:p text:style-name="P1"/><text:p text:style-name="P1"/></draw:rect><draw:rect draw:style-name="gr1" draw:text-style-name="P1" draw:layer="layout" svg:width="5.1cm" svg:height="3.003cm" draw:transform="skewX (0.00226892802759221) rotate (-0.0342084533402691) translate (1.618cm 10.017cm)"><text:p text:style-name="P1">Information on </text:p><text:p text:style-name="P1">Metadata </text:p><text:p text:style-name="P1">in BioSample</text:p></draw:rect><draw:rect draw:style-name="gr1" draw:text-style-name="P1" draw:layer="layout" svg:width="5.207cm" svg:height="3.175cm" svg:x="7.985cm" svg:y="14.97cm"><text:p text:style-name="P1">Information on </text:p><text:p text:style-name="P1">Metadata </text:p><text:p text:style-name="P1">Extracted by MM</text:p></draw:rect></draw:page></office:drawing></office:body></office:document-content>