<?xml version="1.0" encoding="UTF-8"?>
<office:document-meta xmlns:office="urn:oasis:names:tc:opendocument:xmlns:office:1.0" xmlns:xlink="http://www.w3.org/1999/xlink" xmlns:dc="http://purl.org/dc/elements/1.1/" xmlns:meta="urn:oasis:names:tc:opendocument:xmlns:meta:1.0" xmlns:presentation="urn:oasis:names:tc:opendocument:xmlns:presentation:1.0" xmlns:ooo="http://openoffice.org/2004/office" xmlns:smil="urn:oasis:names:tc:opendocument:xmlns:smil-compatible:1.0" xmlns:anim="urn:oasis:names:tc:opendocument:xmlns:animation:1.0" xmlns:grddl="http://www.w3.org/2003/g/data-view#" xmlns:officeooo="http://openoffice.org/2009/office" xmlns:drawooo="http://openoffice.org/2010/draw" office:version="1.2"><office:meta><meta:initial-creator>Takako </meta:initial-creator><meta:creation-date>2018-04-18T16:51:37.63</meta:creation-date><dc:date>2018-04-18T17:16:47.40</dc:date><dc:creator>Takako </dc:creator><meta:editing-duration>PT9M49S</meta:editing-duration><meta:editing-cycles>1</meta:editing-cycles><meta:document-statistic meta:object-count="14"/><meta:generator>OpenOffice/4.1.5$Win32 OpenOffice.org_project/415m1$Build-9789</meta:generator></office:meta></office:document-meta>